/* this is pretty much taken from the gallium one. */


VK_FORMAT_UNDEFINED                  , plain, 1, 1, u8  ,     ,     ,     , x001, rgb
VK_FORMAT_R4G4_UNORM_PACK8           , plain, 1, 1, un4 , un4 ,     ,     , xy01, rgb
VK_FORMAT_R4G4B4A4_UNORM_PACK16      , plain, 1, 1, un4 , un4 , un4 , un4 , wzyx, rgb
VK_FORMAT_B4G4R4A4_UNORM_PACK16      , plain, 1, 1, un4 , un4 , un4 , un4 , wxyz, rgb
VK_FORMAT_R5G6B5_UNORM_PACK16        , plain, 1, 1, un5 , un6 , un5 ,     , zyx1, rgb
VK_FORMAT_B5G6R5_UNORM_PACK16        , plain, 1, 1, un5 , un6 , un5 ,     , xyz1, rgb
VK_FORMAT_R5G5B5A1_UNORM_PACK16      , plain, 1, 1, un1 , un5 , un5 , un5 , wzyx, rgb
VK_FORMAT_B5G5R5A1_UNORM_PACK16      , plain, 1, 1, un1 , un5 , un5 , un5 , wxyz, rgb
VK_FORMAT_A1R5G5B5_UNORM_PACK16      , plain, 1, 1, un5 , un5 , un5 , un1 , zyxw, rgb
VK_FORMAT_R8_UNORM                   , plain, 1, 1, un8 ,     ,     ,     , x001, rgb
VK_FORMAT_R8_SNORM                   , plain, 1, 1, sn8 ,     ,     ,     , x001, rgb
VK_FORMAT_R8_USCALED                 , plain, 1, 1, us8 ,     ,     ,     , x001, rgb
VK_FORMAT_R8_SSCALED                 , plain, 1, 1, ss8 ,     ,     ,     , x001, rgb
VK_FORMAT_R8_UINT                    , plain, 1, 1, up8 ,     ,     ,     , x001, rgb
VK_FORMAT_R8_SINT                    , plain, 1, 1, sp8 ,     ,     ,     , x001, rgb
VK_FORMAT_R8_SRGB                    , plain, 1, 1, un8 ,     ,     ,     , x001, srgb
VK_FORMAT_R8G8_UNORM                 , plain, 1, 1, un8 , un8 ,     ,     , xy01, rgb
VK_FORMAT_R8G8_SNORM                 , plain, 1, 1, sn8 , sn8 ,     ,     , xy01, rgb
VK_FORMAT_R8G8_USCALED               , plain, 1, 1, us8 , us8 ,     ,     , xy01, rgb
VK_FORMAT_R8G8_SSCALED               , plain, 1, 1, ss8 , ss8 ,     ,     , xy01, rgb
VK_FORMAT_R8G8_UINT                  , plain, 1, 1, up8 , up8 ,     ,     , xy01, rgb
VK_FORMAT_R8G8_SINT                  , plain, 1, 1, sp8 , sp8 ,     ,     , xy01, rgb
VK_FORMAT_R8G8_SRGB                  , plain, 1, 1, un8 , un8 ,     ,     , xy01, srgb
VK_FORMAT_R8G8B8_UNORM               , plain, 1, 1, un8 , un8 , un8 ,     , xyz1, rgb
VK_FORMAT_R8G8B8_SNORM               , plain, 1, 1, sn8 , sn8 , sn8 ,     , xyz1, rgb
VK_FORMAT_R8G8B8_USCALED             , plain, 1, 1, us8 , us8 , us8 ,     , xyz1, rgb
VK_FORMAT_R8G8B8_SSCALED             , plain, 1, 1, ss8 , ss8 , ss8 ,     , xyz1, rgb
VK_FORMAT_R8G8B8_UINT                , plain, 1, 1, up8 , up8 , up8 ,     , xyz1, rgb
VK_FORMAT_R8G8B8_SINT                , plain, 1, 1, sp8 , sp8 , sp8 ,     , xyz1, rgb
VK_FORMAT_R8G8B8_SRGB                , plain, 1, 1, un8 , un8 , un8 ,     , xyz1, srgb
VK_FORMAT_B8G8R8_UNORM               , plain, 1, 1, un8 , un8 , un8 ,     , zyx1, rgb
VK_FORMAT_B8G8R8_SNORM               , plain, 1, 1, sn8 , sn8 , sn8 ,     , zyx1, rgb
VK_FORMAT_B8G8R8_USCALED             , plain, 1, 1, us8 , us8 , us8 ,     , zyx1, rgb
VK_FORMAT_B8G8R8_SSCALED             , plain, 1, 1, ss8 , ss8 , ss8 ,     , zyx1, rgb
VK_FORMAT_B8G8R8_UINT                , plain, 1, 1, up8 , up8 , up8 ,     , zyx1, rgb
VK_FORMAT_B8G8R8_SINT                , plain, 1, 1, sp8 , sp8 , sp8 ,     , zyx1, rgb
VK_FORMAT_B8G8R8_SRGB                , plain, 1, 1, un8 , un8 , un8 ,     , zyx1, srgb
VK_FORMAT_R8G8B8A8_UNORM             , plain, 1, 1, un8 , un8 , un8 , un8 , xyzw, rgb
VK_FORMAT_R8G8B8A8_SNORM             , plain, 1, 1, sn8 , sn8 , sn8 , sn8 , xyzw, rgb
VK_FORMAT_R8G8B8A8_USCALED           , plain, 1, 1, us8 , us8 , us8 , us8 , xyzw, rgb
VK_FORMAT_R8G8B8A8_SSCALED           , plain, 1, 1, ss8 , ss8 , ss8 , ss8 , xyzw, rgb
VK_FORMAT_R8G8B8A8_UINT              , plain, 1, 1, up8 , up8 , up8 , up8 , xyzw, rgb
VK_FORMAT_R8G8B8A8_SINT              , plain, 1, 1, sp8 , sp8 , sp8 , sp8 , xyzw, rgb
VK_FORMAT_R8G8B8A8_SRGB              , plain, 1, 1, un8 , un8 , un8 , un8 , xyzw, srgb
VK_FORMAT_B8G8R8A8_UNORM             , plain, 1, 1, un8 , un8 , un8 , un8 , zyxw, rgb
VK_FORMAT_B8G8R8A8_SNORM             , plain, 1, 1, sn8 , sn8 , sn8 , sn8 , zyxw, rgb
VK_FORMAT_B8G8R8A8_USCALED           , plain, 1, 1, us8 , us8 , us8 , us8 , zyxw, rgb
VK_FORMAT_B8G8R8A8_SSCALED           , plain, 1, 1, ss8 , ss8 , ss8 , ss8 , zyxw, rgb
VK_FORMAT_B8G8R8A8_UINT              , plain, 1, 1, up8 , up8 , up8 , up8 , zyxw, rgb
VK_FORMAT_B8G8R8A8_SINT              , plain, 1, 1, sp8 , sp8 , sp8 , sp8 , zyxw, rgb
VK_FORMAT_B8G8R8A8_SRGB              , plain, 1, 1, un8 , un8 , un8 , un8 , zyxw, srgb
VK_FORMAT_A8B8G8R8_UNORM_PACK32      , plain, 1, 1, un8 , un8 , un8 , un8 , xyzw, rgb
VK_FORMAT_A8B8G8R8_SNORM_PACK32      , plain, 1, 1, sn8 , sn8 , sn8 , sn8 , xyzw, rgb
VK_FORMAT_A8B8G8R8_USCALED_PACK32    , plain, 1, 1, us8 , us8 , us8 , us8 , xyzw, rgb
VK_FORMAT_A8B8G8R8_SSCALED_PACK32    , plain, 1, 1, ss8 , ss8 , ss8 , ss8 , xyzw, rgb
VK_FORMAT_A8B8G8R8_UINT_PACK32       , plain, 1, 1, up8 , up8 , up8 , up8 , xyzw, rgb
VK_FORMAT_A8B8G8R8_SINT_PACK32       , plain, 1, 1, sp8 , sp8 , sp8 , sp8 , xyzw, rgb
VK_FORMAT_A8B8G8R8_SRGB_PACK32       , plain, 1, 1, un8 , un8 , un8 , un8 , xyzw, srgb
VK_FORMAT_A2R10G10B10_UNORM_PACK32   , plain, 1, 1, un10, un10, un10, un2 , zyxw, rgb
VK_FORMAT_A2R10G10B10_SNORM_PACK32   , plain, 1, 1, sn10, sn10, sn10, sn2 , zyxw, rgb
VK_FORMAT_A2R10G10B10_USCALED_PACK32 , plain, 1, 1, us10, us10, us10, us2 , zyxw, rgb
VK_FORMAT_A2R10G10B10_SSCALED_PACK32 , plain, 1, 1, ss10, ss10, ss10, ss2 , zyxw, rgb
VK_FORMAT_A2R10G10B10_UINT_PACK32    , plain, 1, 1, up10, up10, up10, up2 , zyxw, rgb
VK_FORMAT_A2R10G10B10_SINT_PACK32    , plain, 1, 1, sp10, sp10, sp10, sp2 , zyxw, rgb
VK_FORMAT_A2B10G10R10_UNORM_PACK32   , plain, 1, 1, un10, un10, un10, un2 , xyzw, rgb
VK_FORMAT_A2B10G10R10_SNORM_PACK32   , plain, 1, 1, sn10, sn10, sn10, sn2 , xyzw, rgb
VK_FORMAT_A2B10G10R10_USCALED_PACK32 , plain, 1, 1, us10, us10, us10, us2 , xyzw, rgb
VK_FORMAT_A2B10G10R10_SSCALED_PACK32 , plain, 1, 1, ss10, ss10, ss10, ss2 , xyzw, rgb
VK_FORMAT_A2B10G10R10_UINT_PACK32    , plain, 1, 1, up10, up10, up10, up2 , xyzw, rgb
VK_FORMAT_A2B10G10R10_SINT_PACK32    , plain, 1, 1, sp10, sp10, sp10, sp2 , xyzw, rgb
VK_FORMAT_R16_UNORM                  , plain, 1, 1, un16,     ,     ,     , x001, rgb
VK_FORMAT_R16_SNORM                  , plain, 1, 1, sn16,     ,     ,     , x001, rgb
VK_FORMAT_R16_USCALED                , plain, 1, 1, us16,     ,     ,     , x001, rgb
VK_FORMAT_R16_SSCALED                , plain, 1, 1, ss16,     ,     ,     , x001, rgb
VK_FORMAT_R16_UINT                   , plain, 1, 1, up16,     ,     ,     , x001, rgb
VK_FORMAT_R16_SINT                   , plain, 1, 1, sp16,     ,     ,     , x001, rgb
VK_FORMAT_R16_SFLOAT                 , plain, 1, 1, f16 ,     ,     ,     , x001, rgb
VK_FORMAT_R16G16_UNORM               , plain, 1, 1, un16, un16,     ,     , xy01, rgb
VK_FORMAT_R16G16_SNORM               , plain, 1, 1, sn16, sn16,     ,     , xy01, rgb
VK_FORMAT_R16G16_USCALED             , plain, 1, 1, us16, us16,     ,     , xy01, rgb
VK_FORMAT_R16G16_SSCALED             , plain, 1, 1, ss16, ss16,     ,     , xy01, rgb
VK_FORMAT_R16G16_UINT                , plain, 1, 1, up16, up16,     ,     , xy01, rgb
VK_FORMAT_R16G16_SINT                , plain, 1, 1, sp16, sp16,     ,     , xy01, rgb
VK_FORMAT_R16G16_SFLOAT              , plain, 1, 1, f16 , f16 ,     ,     , xy01, rgb
VK_FORMAT_R16G16B16_UNORM            , plain, 1, 1, un16, un16, un16,     , xyz1, rgb
VK_FORMAT_R16G16B16_SNORM            , plain, 1, 1, sn16, sn16, sn16,     , xyz1, rgb
VK_FORMAT_R16G16B16_USCALED          , plain, 1, 1, us16, us16, us16,     , xyz1, rgb
VK_FORMAT_R16G16B16_SSCALED          , plain, 1, 1, ss16, ss16, ss16,     , xyz1, rgb
VK_FORMAT_R16G16B16_UINT             , plain, 1, 1, up16, up16, up16,     , xyz1, rgb
VK_FORMAT_R16G16B16_SINT             , plain, 1, 1, sp16, sp16, sp16,     , xyz1, rgb
VK_FORMAT_R16G16B16_SFLOAT           , plain, 1, 1, f16 , f16 , f16 ,     , xyz1, rgb
VK_FORMAT_R16G16B16A16_UNORM         , plain, 1, 1, un16, un16, un16, un16, xyzw, rgb
VK_FORMAT_R16G16B16A16_SNORM         , plain, 1, 1, sn16, sn16, sn16, sn16, xyzw, rgb
VK_FORMAT_R16G16B16A16_USCALED       , plain, 1, 1, us16, us16, us16, us16, xyzw, rgb
VK_FORMAT_R16G16B16A16_SSCALED       , plain, 1, 1, ss16, ss16, ss16, ss16, xyzw, rgb
VK_FORMAT_R16G16B16A16_UINT          , plain, 1, 1, up16, up16, up16, up16, xyzw, rgb
VK_FORMAT_R16G16B16A16_SINT          , plain, 1, 1, sp16, sp16, sp16, sp16, xyzw, rgb
VK_FORMAT_R16G16B16A16_SFLOAT        , plain, 1, 1, f16 , f16 , f16 , f16 , xyzw, rgb
VK_FORMAT_R32_UINT                   , plain, 1, 1, up32,     ,     ,     , x001, rgb
VK_FORMAT_R32_SINT                   , plain, 1, 1, sp32,     ,     ,     , x001, rgb
VK_FORMAT_R32_SFLOAT                 , plain, 1, 1, f32 ,     ,     ,     , x001, rgb
VK_FORMAT_R32G32_UINT                , plain, 1, 1, up32, up32,     ,     , xy01, rgb
VK_FORMAT_R32G32_SINT                , plain, 1, 1, sp32, sp32,     ,     , xy01, rgb
VK_FORMAT_R32G32_SFLOAT              , plain, 1, 1, f32 , f32 ,     ,     , xy01, rgb
VK_FORMAT_R32G32B32_UINT             , plain, 1, 1, up32, up32, up32,     , xyz1, rgb
VK_FORMAT_R32G32B32_SINT             , plain, 1, 1, sp32, sp32, sp32,     , xyz1, rgb
VK_FORMAT_R32G32B32_SFLOAT           , plain, 1, 1, f32 , f32 , f32 ,     , xyz1, rgb
VK_FORMAT_R32G32B32A32_UINT          , plain, 1, 1, up32, up32, up32, up32, xyzw, rgb
VK_FORMAT_R32G32B32A32_SINT          , plain, 1, 1, sp32, sp32, sp32, sp32, xyzw, rgb
VK_FORMAT_R32G32B32A32_SFLOAT        , plain, 1, 1, f32 , f32 , f32 , f32 , xyzw, rgb
VK_FORMAT_R64_UINT                   , plain, 1, 1, up64,     ,     ,     , x001, rgb
VK_FORMAT_R64_SINT                   , plain, 1, 1, sp64,     ,     ,     , x001, rgb
VK_FORMAT_R64_SFLOAT                 , plain, 1, 1, f64 ,     ,     ,     , x001, rgb
VK_FORMAT_R64G64_UINT                , plain, 1, 1, up64, up64,     ,     , xy01, rgb
VK_FORMAT_R64G64_SINT                , plain, 1, 1, sp64, sp64,     ,     , xy01, rgb
VK_FORMAT_R64G64_SFLOAT              , plain, 1, 1, f64 , f64 ,     ,     , xy01, rgb
VK_FORMAT_R64G64B64_UINT             , plain, 1, 1, up64, up64, up64,     , xyz1, rgb
VK_FORMAT_R64G64B64_SINT             , plain, 1, 1, sp64, sp64, sp64,     , xyz1, rgb
VK_FORMAT_R64G64B64_SFLOAT           , plain, 1, 1, f64 , f64 , f64 ,     , xyz1, rgb
VK_FORMAT_R64G64B64A64_UINT          , plain, 1, 1, up64, up64, up64, up64, xyzw, rgb
VK_FORMAT_R64G64B64A64_SINT          , plain, 1, 1, sp64, sp64, sp64, sp64, xyzw, rgb
VK_FORMAT_R64G64B64A64_SFLOAT        , plain, 1, 1, f64 , f64 , f64 , f64 , xyzw, rgb
VK_FORMAT_B10G11R11_UFLOAT_PACK32    , other, 1, 1, x32 ,     ,     ,     , xyz1, rgb
VK_FORMAT_E5B9G9R9_UFLOAT_PACK32     , other, 1, 1, x32 ,     ,     ,     , xyz1, rgb
VK_FORMAT_D16_UNORM                  , plain, 1, 1, un16,     ,     ,     , x___, zs
VK_FORMAT_X8_D24_UNORM_PACK32        , plain, 1, 1, un24, x8  ,     ,     , x___, zs
VK_FORMAT_D32_SFLOAT                 , plain, 1, 1, f32 ,     ,     ,     , x___, zs
VK_FORMAT_S8_UINT                    , plain, 1, 1, up8 ,     ,     ,     , _x__, zs
VK_FORMAT_D16_UNORM_S8_UINT          , plain, 1, 1, un16, up8 ,     ,     , xy__, zs
VK_FORMAT_D24_UNORM_S8_UINT          , plain, 1, 1, un24, up8 ,     ,     , xy__, zs
VK_FORMAT_D32_SFLOAT_S8_UINT         , plain, 1, 1, f32 , up8 ,     ,     , xy__, zs
VK_FORMAT_BC1_RGB_UNORM_BLOCK        , s3tc,  4, 4, x64 ,     ,     ,     , xyz1, rgb
VK_FORMAT_BC1_RGB_SRGB_BLOCK         , s3tc,  4, 4, x64 ,     ,     ,     , xyz1, srgb
VK_FORMAT_BC1_RGBA_UNORM_BLOCK       , s3tc,  4, 4, x64 ,     ,     ,     , xyzw, rgb
VK_FORMAT_BC1_RGBA_SRGB_BLOCK        , s3tc,  4, 4, x64 ,     ,     ,     , xyzw, srgb
VK_FORMAT_BC2_UNORM_BLOCK            , s3tc,  4, 4, x128,     ,     ,     , xyzw, rgb
VK_FORMAT_BC2_SRGB_BLOCK             , s3tc,  4, 4, x128,     ,     ,     , xyzw, srgb
VK_FORMAT_BC3_UNORM_BLOCK            , s3tc,  4, 4, x128,     ,     ,     , xyzw, rgb
VK_FORMAT_BC3_SRGB_BLOCK             , s3tc,  4, 4, x128,     ,     ,     , xyzw, srgb
VK_FORMAT_BC4_UNORM_BLOCK            , rgtc,  4, 4, x64,      ,     ,     , x001, rgb
VK_FORMAT_BC4_SNORM_BLOCK            , rgtc,  4, 4, x64,      ,     ,     , x001, rgb
VK_FORMAT_BC5_UNORM_BLOCK            , rgtc,  4, 4, x128,     ,     ,     , xy01, rgb
VK_FORMAT_BC5_SNORM_BLOCK            , rgtc,  4, 4, x128,     ,     ,     , xy01, rgb
VK_FORMAT_BC6H_UFLOAT_BLOCK          , bptc,  4, 4, x128,     ,     ,     , xyz1, rgb
VK_FORMAT_BC6H_SFLOAT_BLOCK          , bptc,  4, 4, x128,     ,     ,     , xyz1, rgb
VK_FORMAT_BC7_UNORM_BLOCK            , bptc,  4, 4, x128,     ,     ,     , xyzw, rgb
VK_FORMAT_BC7_SRGB_BLOCK             , bptc,  4, 4, x128,     ,     ,     , xyzw, srgb
VK_FORMAT_ETC2_R8G8B8_UNORM_BLOCK,
VK_FORMAT_ETC2_R8G8B8_SRGB_BLOCK,
VK_FORMAT_ETC2_R8G8B8A1_UNORM_BLOCK,
VK_FORMAT_ETC2_R8G8B8A1_SRGB_BLOCK,
VK_FORMAT_ETC2_R8G8B8A8_UNORM_BLOCK,
VK_FORMAT_ETC2_R8G8B8A8_SRGB_BLOCK,
VK_FORMAT_EAC_R11_UNORM_BLOCK,
VK_FORMAT_EAC_R11_SNORM_BLOCK,
VK_FORMAT_EAC_R11G11_UNORM_BLOCK,
VK_FORMAT_EAC_R11G11_SNORM_BLOCK,
VK_FORMAT_ASTC_4x4_UNORM_BLOCK,
VK_FORMAT_ASTC_4x4_SRGB_BLOCK,
VK_FORMAT_ASTC_5x4_UNORM_BLOCK,
VK_FORMAT_ASTC_5x4_SRGB_BLOCK,
VK_FORMAT_ASTC_5x5_UNORM_BLOCK,
VK_FORMAT_ASTC_5x5_SRGB_BLOCK,
VK_FORMAT_ASTC_6x5_UNORM_BLOCK,
VK_FORMAT_ASTC_6x5_SRGB_BLOCK,
VK_FORMAT_ASTC_6x6_UNORM_BLOCK,
VK_FORMAT_ASTC_6x6_SRGB_BLOCK,
VK_FORMAT_ASTC_8x5_UNORM_BLOCK,
VK_FORMAT_ASTC_8x5_SRGB_BLOCK,
VK_FORMAT_ASTC_8x6_UNORM_BLOCK,
VK_FORMAT_ASTC_8x6_SRGB_BLOCK,
VK_FORMAT_ASTC_8x8_UNORM_BLOCK,
VK_FORMAT_ASTC_8x8_SRGB_BLOCK,
VK_FORMAT_ASTC_10x5_UNORM_BLOCK,
VK_FORMAT_ASTC_10x5_SRGB_BLOCK,
VK_FORMAT_ASTC_10x6_UNORM_BLOCK,
VK_FORMAT_ASTC_10x6_SRGB_BLOCK,
VK_FORMAT_ASTC_10x8_UNORM_BLOCK,
VK_FORMAT_ASTC_10x8_SRGB_BLOCK,
VK_FORMAT_ASTC_10x10_UNORM_BLOCK,
VK_FORMAT_ASTC_10x10_SRGB_BLOCK,
VK_FORMAT_ASTC_12x10_UNORM_BLOCK,
VK_FORMAT_ASTC_12x10_SRGB_BLOCK,
VK_FORMAT_ASTC_12x12_UNORM_BLOCK,
VK_FORMAT_ASTC_12x12_SRGB_BLOCK,
